Company,Website
Bureau of Meteorology,www.bom.gov.au
"City of Melbourne, Florida",wwwdefensegov
Department of Finance,www.finance.wa.gov.au
Department of Health (WA Health),http://health.wa.gov.au
,https:////
Department of Health And Human Services,www.
Department of Health And Human Services,www.hhs.gov
Department of Health And Human Services,www.hh
,www.va123.gov
United States Army,
United States Department of Defense,
United States Department of Defense,www.defense.gov
United States Department of Defense,www.defense.gov
